p,d,q,P,D,Q,s,AIC,BIC,log_likelihood,converged
1,0,2,1,0,2,24,428356.4543719437,428413.68338740524,-214171.22718597186,True
