country,split,MASE,sMAPE,MSE,RMSE,MAPE,PI_coverage_80,n_forecasts
DE,dev,0.735158406572523,6.659563719544556,24817828.115325578,4981.7495034702,6.568170279389402,96.29204892966361,2616
DE,test,3.4706358892063656,36.63452001369307,320232957.78241134,17895.05400333878,30.879616680308047,98.88888888888889,2520
FR,dev,0.6264784688792031,4.2617079942835945,9300515.478651496,3049.6746512786403,4.233481030078864,98.73853211009175,2616
FR,test,3.2343761556765642,26.534412871880185,168682787.69355798,12987.793796236449,23.658830473515444,98.21428571428571,2520
ES,dev,0.6609842109501908,5.097529385445665,3416681.3398087756,1848.4267201619803,5.012073610841045,99.42660550458714,2616
ES,test,3.3796384832494417,24.555097770257618,51403221.10423251,7169.6039712268985,21.950955880477757,98.84920634920636,2520
